{
    "loss": 0.5354495048522949,
    "accuracy": 0.9396551847457886
}