{
    "loss": 1.9816855192184448,
    "accuracy": 0.818965494632721
}